dietId;dieta;program;tag;dan_dziennie;cena_min;ocena;opinii;tiery;warianty;opis
614;Wybór menu;Wybór menu;MENU_CONFIGURATION;40;63.99 zł;4.82;12941;BASIC | COMFORT | SUPREME | LADIES VIBES | KETO FUSION | TYPES OF VEGE;BASIC / BASIC: 1200 kcal (63.99 zł) | BASIC / BASIC: 1500 kcal (72.99 zł) | BASIC / BASIC: 1800 kcal (75.99 zł) | BASIC / BASIC: 2000 kcal (77.99 zł) | BASIC / BASIC: 2200 kcal (81.99 zł) | BASIC / BASIC: 2500 kcal (85.99 zł) | BASIC / BASIC: 3000 kcal (91.99 zł) | BASIC / Dieta Active Pro: 1200 kcal (63.99 zł) | BASIC / Dieta Active Pro: 1500 kcal (72.99 zł) | BASIC / Dieta Active Pro: 1800 kcal (75.99 zł) | BASIC / Dieta Active Pro: 2000 kcal (77.99 zł) | BASIC / Dieta Active Pro: 2200 kcal (81.99 zł) | BASIC / Dieta Active Pro: 2500 kcal (85.99 zł) | BASIC / Dieta Active Pro: 3000 kcal (91.99 zł) | BASIC / Dieta Light: 1200 kcal (63.99 zł) | BASIC / Dieta Light: 1500 kcal (72.99 zł) | BASIC / Dieta Light: 1800 kcal (75.99 zł) | BASIC / Dieta Light: 2000 kcal (77.99 zł) | BASIC / Dieta Light: 2200 kcal (81.99 zł) | BASIC / Dieta Light: 2500 kcal (85.99 zł) | BASIC / Dieta Light: 3000 kcal (91.99 zł) | COMFORT / COMFORT: 1200 kcal (68.99 zł) | COMFORT / COMFORT: 1500 kcal (77.99 zł) | COMFORT / COMFORT: 1800 kcal (80.99 zł) | COMFORT / COMFORT: 2000 kcal (82.99 zł) | COMFORT / COMFORT: 2200 kcal (85.99 zł) | COMFORT / COMFORT: 2500 kcal (89.99 zł) | COMFORT / COMFORT: 3000 kcal (95.99 zł) | COMFORT / Dieta Active Pro: 1200 kcal (68.99 zł) | COMFORT / Dieta Active Pro: 1500 kcal (77.99 zł) | COMFORT / Dieta Active Pro: 1800 kcal (80.99 zł) | COMFORT / Dieta Active Pro: 2000 kcal (82.99 zł) | COMFORT / Dieta Active Pro: 2200 kcal (85.99 zł) | COMFORT / Dieta Active Pro: 2500 kcal (89.99 zł) | COMFORT / Dieta Active Pro: 3000 kcal (95.99 zł) | COMFORT / Dieta Fish Low Carb & IG: 1200 kcal (68.99 zł) | COMFORT / Dieta Fish Low Carb & IG: 1500 kcal (77.99 zł) | COMFORT / Dieta Fish Low Carb & IG: 1800 kcal (80.99 zł) | COMFORT / Dieta Fish Low Carb & IG: 2000 kcal (82.99 zł) | COMFORT / Dieta Fish Low Carb & IG: 2200 kcal (85.99 zł) | COMFORT / Dieta Fish Low Carb & IG: 2500 kcal (89.99 zł) | COMFORT / Dieta Fish Low Carb & IG: 3000 kcal (95.99 zł) | COMFORT / Dieta Light: 1200 kcal (68.99 zł) | COMFORT / Dieta Light: 1500 kcal (77.99 zł) | COMFORT / Dieta Light: 1800 kcal (80.99 zł) | COMFORT / Dieta Light: 2000 kcal (82.99 zł) | COMFORT / Dieta Light: 2200 kcal (85.99 zł) | COMFORT / Dieta Light: 2500 kcal (89.99 zł) | COMFORT / Dieta Light: 3000 kcal (95.99 zł) | COMFORT / Dieta Low Carb & IG: 1200 kcal (68.99 zł) | COMFORT / Dieta Low Carb & IG: 1500 kcal (77.99 zł) | COMFORT / Dieta Low Carb & IG: 1800 kcal (80.99 zł) | COMFORT / Dieta Low Carb & IG: 2000 kcal (82.99 zł) | COMFORT / Dieta Low Carb & IG: 2200 kcal (85.99 zł) | COMFORT / Dieta Low Carb & IG: 2500 kcal (89.99 zł) | COMFORT / Dieta Low Carb & IG: 3000 kcal (95.99 zł) | SUPREME / SUPREME: 1200 kcal (72.99 zł) | SUPREME / SUPREME: 1500 kcal (82.99 zł) | SUPREME / SUPREME: 1800 kcal (85.99 zł) | SUPREME / SUPREME: 2000 kcal (87.99 zł) | SUPREME / SUPREME: 2200 kcal (91.99 zł) | SUPREME / SUPREME: 2500 kcal (95.99 zł) | SUPREME / SUPREME: 3000 kcal (101.99 zł) | SUPREME / Dieta Active Pro: 1200 kcal (72.99 zł) | SUPREME / Dieta Active Pro: 1500 kcal (82.99 zł) | SUPREME / Dieta Active Pro: 1800 kcal (85.99 zł) | SUPREME / Dieta Active Pro: 2000 kcal (87.99 zł) | SUPREME / Dieta Active Pro: 2200 kcal (91.99 zł) | SUPREME / Dieta Active Pro: 2500 kcal (95.99 zł) | SUPREME / Dieta Active Pro: 3000 kcal (101.99 zł) | SUPREME / Dieta Fish Low Carb & IG: 1200 kcal (72.99 zł) | SUPREME / Dieta Fish Low Carb & IG: 1500 kcal (82.99 zł) | SUPREME / Dieta Fish Low Carb & IG: 1800 kcal (85.99 zł) | SUPREME / Dieta Fish Low Carb & IG: 2000 kcal (87.99 zł) | SUPREME / Dieta Fish Low Carb & IG: 2200 kcal (91.99 zł) | SUPREME / Dieta Fish Low Carb & IG: 2500 kcal (95.99 zł) | SUPREME / Dieta Fish Low Carb & IG: 3000 kcal (101.99 zł) | SUPREME / Dieta Kuchnie Świata: 1200 kcal (72.99 zł) | SUPREME / Dieta Kuchnie Świata: 1500 kcal (82.99 zł) | SUPREME / Dieta Kuchnie Świata: 1800 kcal (85.99 zł) | SUPREME / Dieta Kuchnie Świata: 2000 kcal (87.99 zł) | SUPREME / Dieta Kuchnie Świata: 2200 kcal (91.99 zł) | SUPREME / Dieta Kuchnie Świata: 2500 kcal (95.99 zł) | SUPREME / Dieta Kuchnie Świata: 3000 kcal (101.99 zł) | SUPREME / Dieta Light: 1200 kcal (72.99 zł) | SUPREME / Dieta Light: 1500 kcal (82.99 zł) | SUPREME / Dieta Light: 1800 kcal (85.99 zł) | SUPREME / Dieta Light: 2000 kcal (87.99 zł) | SUPREME / Dieta Light: 2200 kcal (91.99 zł) | SUPREME / Dieta Light: 2500 kcal (95.99 zł) | SUPREME / Dieta Light: 3000 kcal (101.99 zł) | SUPREME / Dieta Low Carb & IG: 1200 kcal (72.99 zł) | SUPREME / Dieta Low Carb & IG: 1500 kcal (82.99 zł) | SUPREME / Dieta Low Carb & IG: 1800 kcal (85.99 zł) | SUPREME / Dieta Low Carb & IG: 2000 kcal (87.99 zł) | SUPREME / Dieta Low Carb & IG: 2200 kcal (91.99 zł) | SUPREME / Dieta Low Carb & IG: 2500 kcal (95.99 zł) | SUPREME / Dieta Low Carb & IG: 3000 kcal (101.99 zł) | SUPREME / Dieta Top Taste: 1200 kcal (72.99 zł) | SUPREME / Dieta Top Taste: 1500 kcal (82.99 zł) | SUPREME / Dieta Top Taste: 1800 kcal (85.99 zł) | SUPREME / Dieta Top Taste: 2000 kcal (87.99 zł) | SUPREME / Dieta Top Taste: 2200 kcal (91.99 zł) | SUPREME / Dieta Top Taste: 2500 kcal (95.99 zł) | SUPREME / Dieta Top Taste: 3000 kcal (101.99 zł) | SUPREME / Dieta Śródziemnomorska: 1200 kcal (72.99 zł) | SUPREME / Dieta Śródziemnomorska: 1500 kcal (82.99 zł) | SUPREME / Dieta Śródziemnomorska: 1800 kcal (85.99 zł) | SUPREME / Dieta Śródziemnomorska: 2000 kcal (87.99 zł) | SUPREME / Dieta Śródziemnomorska: 2200 kcal (91.99 zł) | SUPREME / Dieta Śródziemnomorska: 2500 kcal (95.99 zł) | SUPREME / Dieta Śródziemnomorska: 3000 kcal (101.99 zł) | LADIES VIBES / Dieta Light: 1200 kcal (68.99 zł) | LADIES VIBES / Dieta Light: 1500 kcal (77.99 zł) | LADIES VIBES / Dieta Light: 1800 kcal (80.99 zł) | LADIES VIBES / Dieta Light: 2000 kcal (82.99 zł) | LADIES VIBES / Dieta Low Carb & IG: 1200 kcal (68.99 zł) | LADIES VIBES / Dieta Low Carb & IG: 1500 kcal (77.99 zł) | LADIES VIBES / Dieta Low Carb & IG: 1800 kcal (80.99 zł) | LADIES VIBES / Dieta Low Carb & IG: 2000 kcal (82.99 zł) | LADIES VIBES / Dieta Top Taste: 1200 kcal (68.99 zł) | LADIES VIBES / Dieta Top Taste: 1500 kcal (77.99 zł) | LADIES VIBES / Dieta Top Taste: 1800 kcal (80.99 zł) | LADIES VIBES / Dieta Top Taste: 2000 kcal (82.99 zł) | LADIES VIBES / Dieta Śródziemnomorska: 1200 kcal (68.99 zł) | LADIES VIBES / Dieta Śródziemnomorska: 1500 kcal (77.99 zł) | LADIES VIBES / Dieta Śródziemnomorska: 1800 kcal (80.99 zł) | LADIES VIBES / Dieta Śródziemnomorska: 2000 kcal (82.99 zł) | KETO FUSION / Dieta Ketogeniczna: 1500 kcal (72.99 zł) | KETO FUSION / Dieta Ketogeniczna: 1800 kcal (75.99 zł) | KETO FUSION / Dieta Ketogeniczna: 2000 kcal (77.99 zł) | KETO FUSION / Dieta Ketogeniczna: 2200 kcal (81.99 zł) | KETO FUSION / Dieta Ketogeniczna: 2500 kcal (85.99 zł) | KETO FUSION / Dieta Ketogeniczna: 3000 kcal (91.99 zł) | KETO FUSION / Dieta Śródziemnomorska Keto: 1500 kcal (72.99 zł) | KETO FUSION / Dieta Śródziemnomorska Keto: 1800 kcal (75.99 zł) | KETO FUSION / Dieta Śródziemnomorska Keto: 2000 kcal (77.99 zł) | KETO FUSION / Dieta Śródziemnomorska Keto: 2200 kcal (81.99 zł) | KETO FUSION / Dieta Śródziemnomorska Keto: 2500 kcal (85.99 zł) | KETO FUSION / Dieta Śródziemnomorska Keto: 3000 kcal (91.99 zł) | TYPES OF VEGE / Dieta Wegańska: 1200 kcal (65.99 zł) | TYPES OF VEGE / Dieta Wegańska: 1500 kcal (75.99 zł) | TYPES OF VEGE / Dieta Wegańska: 1800 kcal (78.99 zł) | TYPES OF VEGE / Dieta Wegańska: 2000 kcal (80.99 zł) | TYPES OF VEGE / Dieta Wegańska: 2200 kcal (83.99 zł) | TYPES OF VEGE / Dieta Wegańska: 2500 kcal (87.99 zł) | TYPES OF VEGE / Dieta Wegańska: 3000 kcal (92.99 zł) | TYPES OF VEGE / Dieta Fish Low Carb & IG: 1200 kcal (65.99 zł) | TYPES OF VEGE / Dieta Fish Low Carb & IG: 1500 kcal (75.99 zł) | TYPES OF VEGE / Dieta Fish Low Carb & IG: 1800 kcal (78.99 zł) | TYPES OF VEGE / Dieta Fish Low Carb & IG: 2000 kcal (80.99 zł) | TYPES OF VEGE / Dieta Fish Low Carb & IG: 2200 kcal (83.99 zł) | TYPES OF VEGE / Dieta Fish Low Carb & IG: 2500 kcal (87.99 zł) | TYPES OF VEGE / Dieta Fish Low Carb & IG: 3000 kcal (92.99 zł) | TYPES OF VEGE / Dieta Wegetariańska: 1200 kcal (65.99 zł) | TYPES OF VEGE / Dieta Wegetariańska: 1500 kcal (75.99 zł) | TYPES OF VEGE / Dieta Wegetariańska: 1800 kcal (78.99 zł) | TYPES OF VEGE / Dieta Wegetariańska: 2000 kcal (80.99 zł) | TYPES OF VEGE / Dieta Wegetariańska: 2200 kcal (83.99 zł) | TYPES OF VEGE / Dieta Wegetariańska: 2500 kcal (87.99 zł) | TYPES OF VEGE / Dieta Wegetariańska: 3000 kcal (92.99 zł);
634;Dieta START;Gotowa dieta;OFFICE;;35.99 zł;4.87;2679;;3 posiłki: 1500 kcal (35.99 zł);Dieta START to 3-posiłkowa dieta pudełkowa dla osób, które chcą wygodnie zadbać o codzienne jedzenie w bardzo korzystnej cenie. Każdego dnia otrzymujesz śniadanie, obiad i kolację o łącznej kaloryczności 1500 kcal. Taki zestaw dla wielu osób może stanowić dietę na cały dzień. To dobra propozycja, jeśli odpowiada Ci prosty rytm trzech głównych posiłków. Gotowy zestaw ułatwia organizację dnia i pozwala zaoszczędzić czas, który normalnie poświęcasz na planowanie zakupów i gotowanie. Jednocześnie trzy posiłki zostawiają przestrzeń na własne wybory – sezonowe owoce, ulubioną przekąskę czy spontaniczne wyjście ze znajomymi. START łączy wygodę diety pudełkowej z większą swobodą na co dzień. To 1500 kcal podzielone na trzy konkretne posiłki – śniadanie, obiad i kolację – w najkorzystniejszej cenie w ofercie Kuchni Vikinga.
583;Dieta Standard;Gotowa dieta;STANDARD;;57.99 zł;4.87;2660;;5 Posiłków: 1200 kcal (57.99 zł) | 5 Posiłków: 1500 kcal (67.99 zł) | 5 Posiłków: 1800 kcal (70.99 zł) | 5 Posiłków: 2000 kcal (72.99 zł) | 5 Posiłków: 2200 kcal (75.99 zł) | 5 Posiłków: 2500 kcal (79.99 zł) | 5 Posiłków: 3000 kcal (84.99 zł);Dieta Standard to 5-posiłkowa dieta idealna dla osób, które szukają złotego środka w odżywianiu, cenią klasyczne smaki i chcą jeść smacznie, zdrowo oraz bez restrykcyjnych wykluczeń. Sprawdzi się zarówno u osób chcących utrzymać prawidłową masę ciała i poprawić samopoczucie, jak i przy redukcji – dzięki możliwości dopasowania odpowiedniej kaloryczności. Opiera się na wysokiej jakości produktach, takich jak świeże warzywa i owoce, kasze, mięso, ryby i nabiał, zapewniając pełnowartościowe i różnorodne posiłki. Zbilansowany rozkład składników odżywczych wspiera energię w ciągu dnia i pomaga budować zdrowe nawyki żywieniowe bez rezygnacji z ulubionych smaków.
586;Dieta Active Pro;Gotowa dieta;SPORT;;62.99 zł;4.85;1734;;5 Posiłków: 1200 kcal (62.99 zł) | 5 Posiłków: 1500 kcal (71.99 zł) | 5 Posiłków: 1800 kcal (74.99 zł) | 5 Posiłków: 2000 kcal (76.99 zł) | 5 Posiłków: 2200 kcal (79.99 zł) | 5 Posiłków: 2500 kcal (83.99 zł) | 5 Posiłków: 3000 kcal (88.99 zł) | 5 Posiłków: 3500 kcal (95.99 zł);Dieta Active Pro to idealna propozycja dla osób prowadzących intensywny, aktywny tryb życia oraz regularnie trenujących. Składa się z pełnowartościowego białka, węglowodanów złożonych i zdrowych tłuszczów, które zapewniają stabilną energię przez cały dzień i wspierają regenerację mięśni po wysiłku. W menu unikamy ciężkich, przetworzonych produktów, dzięki czemu posiłki nie powodują uczucia senności i ociężałości. Dieta dostępna jest w różnych kalorycznościach, co pozwala dopasować ją do indywidualnych potrzeb i intensywności aktywności fizycznej. To zbilansowane i smaczne rozwiązanie dla każdego, kto chce łączyć zdrowe odżywianie z dynamicznym stylem życia.
617;Dieta Fodmap;Gotowa dieta;FODMAP;;65.99 zł;4.82;953;;5 Posiłków: 1200 kcal (65.99 zł) | 5 Posiłków: 1500 kcal (75.99 zł) | 5 Posiłków: 1800 kcal (78.99 zł) | 5 Posiłków: 2000 kcal (80.99 zł) | 5 Posiłków: 2200 kcal (83.99 zł) | 5 Posiłków: 2500 kcal (87.99 zł) | 5 Posiłków: 3000 kcal (92.99 zł);Dieta FODMAP to specjalistyczna, 5-posiłkowa propozycja stworzona z myślą o osobach zmagających się z problemami żołądkowo-jelitowymi, takimi jak zespół jelita drażliwego (IBS), SIBO czy częste wzdęcia i bóle brzucha. Skupia się na produktach o niskiej zawartości fermentujących węglowodanów, eliminując składniki wywołujące dyskomfort, dzięki czemu zmniejsza dolegliwości trawienne. Dieta pozwala cieszyć się pełnowartościowymi, zbilansowanymi posiłkami bez obaw o gorsze samopoczucie i pomaga poprawić trawienie oraz komfort życia. Bazuje na aktualizacjach aplikacji Monash University, co gwarantuje bezpieczeństwo i skuteczność w codziennym stosowaniu. To łagodne, przemyślane rozwiązanie dla osób, które chcą jeść zdrowo, sycąco i bez dolegliwości trawiennych.
612;Dieta Light;Gotowa dieta;STANDARD;;62.99 zł;4.86;848;;5 Posiłków: 1200 kcal (62.99 zł) | 5 Posiłków: 1500 kcal (71.99 zł) | 5 Posiłków: 1800 kcal (74.99 zł) | 5 Posiłków: 2000 kcal (76.99 zł) | 5 Posiłków: 2200 kcal (79.99 zł) | 5 Posiłków: 2500 kcal (83.99 zł) | 5 Posiłków: 3000 kcal (88.99 zł);Dieta Light to idealny, 5-posiłkowy plan żywieniowy dla osób, które chcą zadbać o sylwetkę i przy tym jeść lekko. Wariant wybierany jest również przez osoby zmagające się z dolegliwościami trawiennymi, ponieważ w menu diety znajdziesz lekkie, smaczne posiłki, które nie nadwyrężają układu pokarmowego. Dieta wspiera komfort trawienia, zapewnia sytość i pomaga utrzymać codzienną energię. To smaczna, zbilansowana propozycja dla każdego, kto chce zdrowo odżywiać się bez nadmiernego obciążenia układu pokarmowego.
610;Dieta Ketogeniczna;Gotowa dieta;KETO;;71.99 zł;4.83;525;;4 Posiłki: 1500 kcal (71.99 zł) | 4 Posiłki: 1800 kcal (74.99 zł) | 4 Posiłki: 2000 kcal (76.99 zł) | 4 Posiłki: 2200 kcal (79.99 zł) | 4 Posiłki: 2500 kcal (83.99 zł) | 4 Posiłki: 3000 kcal (88.99 zł);Dieta składająca się z 4 posiłków, opierająca się na zdrowych tłuszczach i pełnowartościowym białku, wprowadzając organizm w stan ketozy – czyli korzystania z tłuszczów jako głównego źródła energii zamiast glukozy. Węglowodany zostały ograniczone do minimum i pochodzą głównie z warzyw nieskrobiowych oraz produktów o bardzo niskim indeksie glikemicznym. Dieta wspiera redukcję tkanki tłuszczowej, pomaga kontrolować apetyt, poprawia koncentrację, wspiera pracę układu nerwowego i stabilizuje poziom energii w ciągu dnia. Bazuje na tłustych mięsach, nabiale, olejach, orzechach i nasionach, które zapewniają sycące, odżywcze posiłki, wspierając jednocześnie redukcję tkanki tłuszczowej oraz utrzymanie energii i koncentracji przez cały dzień.
630;Dieta Śródziemnomorska;Gotowa dieta;SAMURAI;;65.99 zł;4.82;840;;5 posiłków: 1200 kcal (65.99 zł) | 5 posiłków: 1500 kcal (75.99 zł) | 5 posiłków: 1800 kcal (78.99 zł) | 5 posiłków: 2000 kcal (80.99 zł) | 5 posiłków: 2200 kcal (83.99 zł) | 5 posiłków: 2500 kcal (87.99 zł) | 5 posiłków: 3000 kcal (92.99 zł);Dieta Śródziemnomorska to jeden z najzdrowszych i najczęściej polecanych sposobów odżywiania, wspierający pracę serca, utrzymanie prawidłowej masy ciała oraz profilaktykę chorób przewlekłych. Opiera się na naturalnych, nieprzetworzonych składnikach bogatych w błonnik, antyoksydanty i kwasy omega-3. W menu dominują warzywa, owoce, strączki, pełnoziarniste produkty zbożowe, ryby, chude mięso oraz oliwa z oliwek i aromatyczne zioła. To zbilansowana dieta inspirowana kuchnią południowej Europy, która pozwala jeść zdrowo bez rygorystycznych ograniczeń. Łączy w sobie wartości odżywcze z wyjątkowym smakiem, oferując codziennie lekkie i różnorodne posiłki.
628;Dieta Low Carb & IG;Gotowa dieta;LOW CARB;;65.99 zł;4.83;1613;;5 posiłków: 1200 kcal (65.99 zł) | 5 posiłków: 1500 kcal (75.99 zł) | 5 posiłków: 1800 kcal (78.99 zł) | 5 posiłków: 2000 kcal (80.99 zł) | 5 posiłków: 2200 kcal (83.99 zł) | 5 posiłków: 2500 kcal (87.99 zł) | 5 posiłków: 3000 kcal (92.99 zł);Dieta Low Carb & IG wspiera utrzymanie stabilnego poziomu cukru we krwi, sprzyja redukcji masy ciała i poprawia codzienne samopoczucie. Opiera się na produktach o niskim indeksie glikemicznym oraz ograniczonej ilości węglowodanów, co pomaga unikać gwałtownych skoków glukozy i insuliny. Dzięki temu zapewnia długotrwałe uczucie sytości i stały poziom energii bez uczucia senności po posiłkach. To idealna propozycja dla osób, które szukają zdrowej, zbilansowanej diety dopasowanej do nowoczesnego stylu życia.
631;Dieta Fish Low Carb & IG;Gotowa dieta;VEGE AND FISH;;65.99 zł;4.79;336;;5 posiłków: 1200 kcal (65.99 zł) | 5 posiłków: 1500 kcal (75.99 zł) | 5 posiłków: 1800 kcal (78.99 zł) | 5 posiłków: 2000 kcal (80.99 zł) | 5 posiłków: 2200 kcal (83.99 zł) | 5 posiłków: 2500 kcal (87.99 zł) | 5 posiłków: 3000 kcal (92.99 zł);Dieta Fish Low Carb & IG to idealne rozwiązanie dla osób, które chcą wyeliminować mięso, ograniczyć spożycie węglowodanów (szczególnie cukrów prostych) oraz ustabilizować poziom glukozy we krwi. Łączy korzyści płynące z kwasów Omega-3 z zasadami diety o niskim indeksie glikemicznym, wspierając zdrową redukcję masy ciała i stały poziom energii. Menu opiera się na rybach, owocach morza, warzywach nieskrobiowych, zdrowych tłuszczach, jajach, orzechach i wysokiej jakości nabiale. To sycąca i świadoma propozycja żywieniowa, która pomaga unikać nagłych skoków cukru i sprzyja dobremu samopoczuciu każdego dnia.
629;Dieta Hashi Low Gluten & Lactose;Gotowa dieta;HASHI;;65.99 zł;4.82;695;;5 posiłków: 1200 kcal (65.99 zł) | 5 posiłków: 1500 kcal (75.99 zł) | 5 posiłków: 1800 kcal (78.99 zł) | 5 posiłków: 2000 kcal (80.99 zł) | 5 posiłków: 2200 kcal (83.99 zł) | 5 posiłków: 2500 kcal (87.99 zł) | 5 posiłków: 3000 kcal (92.99 zł);Dieta Hashi Low Gluten & Lactose została stworzona z myślą o osobach z chorobami autoimmunologicznymi i nietolerancjami pokarmowymi. Wspiera pracę tarczycy, pomaga wyciszyć stany zapalne i ogranicza spożycie glutenu oraz laktozy, nie rezygnując przy tym z pełnowartościowych, smacznych posiłków. Dzięki starannie dobranym, przeciwzapalnym i odżywczym produktom dieta wspiera regulację metabolizmu, poprawia samopoczucie i może łagodzić objawy takie jak wahania masy ciała, mgła mózgowa czy przewlekłe zmęczenie. To wygodny sposób, by zadbać o zdrowie hormonalne i trawienne każdego dnia, nie rezygnując przy tym ze smacznych posiłków.
605;Dieta Ekonomiczna Wege;Gotowa dieta;VEGE AND FISH;;51.99 zł;4.8;72;;3 posiłki: 1200 kcal (51.99 zł);Dieta ekonomiczna wege i ryby to 3 pełnowartościowe, pyszne posiłki – śniadanie, drugie śniadanie oraz obiad – całkowicie pozbawione mięsa, o łącznej wartości 1200 kcal dziennie. To idealne rozwiązanie dla osób zabieganych, które chcą jeść roślinnie, zdrowo i regularnie, bez konieczności samodzielnego przygotowywania skomplikowanych dań. Menu opiera się na naturalnych produktach roślinnych, rybach i nabiale – sezonowych warzywach, strączkach, kaszach, jajach i serach – zapewniając pełnowartościowe źródła białka i energii. Dzięki prostym, smacznym kompozycjom dieta łączy wygodę cateringu z domowym smakiem, pozwalając każdego dnia cieszyć się zdrowymi, roślinnymi posiłkami bez wysiłku.
587;Dieta Ekonomiczna;Gotowa dieta;STANDARD;;51.99 zł;4.82;285;;3 posiłki: 1200 kcal (51.99 zł);3-posiłkowa dieta składa się z pożywnego śniadania, drugiego śniadania oraz sycącego obiadu o łącznej wartości 1200 kcal. To idealne rozwiązanie dla osób zabieganych, które chcą jeść zdrowo i regularnie, nie tracąc czasu na gotowanie ani zakupy. Menu opiera się na sprawdzonych, lokalnych produktach – sezonowych warzywach, zbożach, nabiale, jajach i mięsie – bez drogich, egzotycznych superfoods, które zastąpiono ich wartościowymi, polskimi odpowiednikami. Dzięki temu dieta dostarcza wszystkie niezbędne składniki odżywcze w przystępnej cenie, zachowując prostotę i smak domowej kuchni. To wygodny sposób na pożywne, zdrowe posiłki każdego dnia.
593;Detoks Sokowy;Gotowa dieta;DETOX;;79.90 zł;4.84;101;;1 Dzień: 1000 kcal (79.90 zł);Detoks sokowy to 3-dniowy program, w którym zamiast klasycznych posiłków otrzymujesz 5 świeżo tłoczonych soków owocowo-warzywnych dziennie o łącznej wartości około 1000 kcal. Każdego dnia dostarczasz organizmowi aż 2500 ml soku, a do przygotowania Twojego całego 3-dniowego zestawu zużywamy łącznie około 20 kg świeżych warzyw i owoców. Dzięki metodzie cold press soki zachowują maksymalną dawkę witamin, minerałów i antyoksydantów, które w tej formie są błyskawicznie przyswajane. Taka kuracja skutecznie wspomaga oczyszczanie z toksyn, przywraca równowagę wewnętrzną oraz wspiera naturalną regenerację organizmu.
