id;nazwa;cena;kategoria;kcal;bialko;tluszcz;wegle;ocena;liczba_ocen;dostepny;dodano;obraz;opis
8;Źródło Vikinga;1.99;;;;;;;;tak;2026-09-29;https://ml-assets.com/images/side-orders/kuchniavikinga/kuchniavikinga-8-8aea.jpg;Naturalna woda średniozmineralizowana [0,7L] | Kolor etykiety (żółty / różowy) pakujemy losowo.
21;Shoarma z kurczaka;25;;655.45;44.9;;38.51;;;tak;2026-09-29;https://ml-assets.com/images/side-orders/kuchniavikinga/kuchniavikinga-21-da50e1585e224a43a179a4359796852d.jpg;Porcja: 655,45 kcal | Białko: 44,9 g | Tłuszcz: 35,5 5 g | Węglowodany: 38,51 g. | Filet z piersi kurczaka, ziemniaki w skórce, kapusta biała, jogurt naturalny grecki (MLEKO), majonez roślinny (GORCZYCA), marchew, olej rzepakowy, erytrytol, sól, czosnek, ocet spirytusowy,  przyprawy (SOJA), papryka słodka mielona, tymianek suszony, czarnuszka, pieprz czarny mielony, natka pietruszki
79;Kotlety mielone w sosie grzybowym z puree ziemniaczanym i buraczkami;22;;741.36;37.89;35.66;67.98;;;tak;2026-09-29;https://ml-assets.com/images/side-orders/kuchniavikinga/kuchniavikinga-79-6347093bb2004ada986511af09f94e3c.jpg;Porcja: 741,36 kcal | Białko: 37,89 g | Tłuszcz: 35,66 g | Węglowodany: 67,98 g. | Burak gotowany, ziemniaki, mięso wieprzowe, MLEKO 1,5%, woda, pieczarki, śmietanka 30% (MLEKO), bułka tarta (GLUTEN, SOJA), cebula, jabłko tarte, cebula prażona (PSZENICA), masło (MLEKO), sól, olej rzepakowy, cukier, koncentrat buraczany (SELER, MLEKO), mąka PSZENNA, ocet spirytusowy, natka pietruszki, bulion grzybowy, czosnek, sos sojowy (SOJA, PSZENICA), pieprz czarny mielony, przyprawa bulionowa, kwas askorbinowy
106;Philadelphia z pieczonym łososiem;16;;333.49;14.02;9.69;41.05;;;tak;2026-09-29;https://ml-assets.com/images/side-orders/kuchniavikinga/kuchniavikinga-106-53a52ec56fd243708669ca94d6d2ce91.jpg;Porcja: 333,49 kcal | Białko: 14,02 g | Tłuszcz: 9,69 g | Węglowodany: 41,05 g. | ŁOSOŚ, ryż, marynowany imbir, serek (MLEKO), tykwa marynowana (PSZENICA, SOJA), ogórek, sos sojowy (SOJA, PSZENICA), ocet ryżowy (PSZENICA), cukier, wasabi w proszku (GORCZYCA), algi nori, majonez roślinny (GORCZYCA), sól, sok z limonki, sos chili sriracha
110;Deserek śmietankowo-truskawkowy;14;;308.51;9.07;15.31;33.37;;;tak;2026-09-29;https://ml-assets.com/images/side-orders/kuchniavikinga/kuchniavikinga-110-3bc7af2e018a486e87dfb986a435fe9c.jpg;Porcja: 308,51 kcal | Białko: 9,07 g | Tłuszcz: 15,31 g | Węglowodany: 33,37 g. | Jogurt naturalny (MLEKO), truskawki, konfitura truskawkowa bez dodatku cukru, granola (GLUTEN, SOJA), śmietanka wegańska 31%, nasiona chia, erytrytol, syrop klonowy, truskawki liofilizowane
160;Croissant z kremem pistacjowym;14;;410.88;7.97;28.33;33.65;;;tak;2026-09-29;https://ml-assets.com/images/side-orders/kuchniavikinga/kuchniavikinga-160-c69fd71f6a2349e089d36f6b2a0ab2a6.jpg;Porcja: 410,88 kcal | Białko: 7,97 g | Tłuszcz: 28,33 g | Węglowodany: 33,65 g. | Croissant maślany (PSZENICA, JAJA), biała czekolada bez dodatku cukru (MLEKO, SOJA), pasta pistacjowa (ORZECHY), pistacje (ORZECHY)
161;Tartaletka Pistacjowa;18;;370.29;6.85;25.47;32.74;;;tak;2026-09-29;https://ml-assets.com/images/side-orders/kuchniavikinga/kuchniavikinga-161-20c87d1668674a4c821a7599e7d5405e.jpg;Porcja: 370,29 kcal | Białko: 6,85 g | Tłuszcz: 25,47 g | Węglowodany: 32,74 g. | Tartaletka (GLUTEN, SOJA), konfitura z czerwonej porzeczki bez dodatku cukru, biała czekolada bez dodatku cukru (MLEKO, SOJA), pasta pistacjowa (ORZECHY), pistacje (ORZECHY)
177;Devolay z ziemniakami z koperkiem i sałatką szwedzką;25;;744.32;45.8;32.46;68.24;;;tak;2026-09-29;https://ml-assets.com/images/side-orders/kuchniavikinga/kuchniavikinga-177-fd2b4532e3c045c8bbdb4f439bbfe09d.jpg;Porcja: 744,32 kcal | Białko: 45,8 g | Tłuszcz: 32,46 g | Węglowodany: 68,24 g. | Ziemniaki, filet z piersi kurczaka, sałatka szwedzka (GORCZYCA), bułka tarta (GLUTEN, SOJA), JAJA, masło (MLEKO), papryka konserwowa (GORCZYCA), marchew, ser holenderski (MLEKO), ser topiony śmietankowy (JAJA, MLEKO), olej rzepakowy, cebula, natka pietruszki, sól, koper świeży, pieprz biały mielony, czosnek granulowany, pieprz czarny mielony
194;Bowl z ryżem i pieczonym łososiem;25;;681;30;30;57;;;tak;2026-09-29;https://ml-assets.com/images/side-orders/kuchniavikinga/kuchniavikinga-194-c511af4267ed4f98b92266d9aa4be3bd.jpg;Porcja: 681 kcal | Białko: 30 g | Tłuszcz: 30 g | Węglowodany: 57 g. | Ryż biały i dziki, ŁOSOŚ, kapusta czerwona, fasola edamame, marchew, ogórek zielony, marynowana rzodkiew, sałatka wakame (SEZAM, SOJA), olej rzepakowy, ocet ryżowy (PSZENICA), cukier, sos teriyaki (SOJA, PSZENICA, SEZAM), sos sojowy (SOJA, PSZENICA), miód, szczypiorek świeży, SEZAM, musztarda (GORCZYCA), czosnek, woda, sok z limonki, sól
205;Kluski leniwe z konfiturą malinową;17;;480.93;17.33;10.18;68.18;;;tak;2026-09-29;https://ml-assets.com/images/side-orders/kuchniavikinga/kuchniavikinga-205-496453fce4514341a33fb19e9678244f.jpg;Porcja: 480,93 kcal | Białko: 17,33 g | Tłuszcz: 10,18 g | Węglowodany: 68,18 g. | Kluski leniwe (JAJA, MLEKO, GLUTEN), śmietana 18% (MLEKO), konfitura malinowa bez cukru, gorzka czekolada (SOJA), miód, mięta, stabilizator, woda.
213;Smoothie zielone;13;;231.02;7.32;7.47;30.53;;;tak;2026-09-29;https://ml-assets.com/images/side-orders/kuchniavikinga/kuchniavikinga-213-4512fe50f9084f478129e598999029c5.jpg;Porcja: 231,02 kcal | Białko: 7,32 g | Tłuszcz: 7,47 g | Węglowodany: 30,53 g. | Sok jabłkowy NFC 35%, woda, puree z banana 15%, awokado 12%, kiwi 6%, szpinak 6%, białko ryżowe, regulator kwasowości: kwas askorbinowy
214;Ananas, mango, pomarańcza;12;;125.48;0.03;0.03;28.93;;;tak;2026-09-29;https://ml-assets.com/images/side-orders/kuchniavikinga/kuchniavikinga-214-195083315b15436c8ab9c8f76aecffe5.jpg;Porcja: 125,48 kcal | Białko: 0,03 g | Tłuszcz: 0,03 g | Węglowodany: 28,93 g. | Napój owocowy: sok pomarańczowy NFC 41%, sok ananasowy NFC 32%, woda, puree z mango 9%, regulator kwasowości: kwas askorbinowy
224;Schabowy Vikinga, ziemniaki z koperkiem, surówka z selera z żurawiną;23;;649.36;40.35;21.92;72.88;;;tak;2026-09-29;https://ml-assets.com/images/side-orders/kuchniavikinga/kuchniavikinga-224-6d3142af3a8541ebb52c76c8a2fc8f8e.jpg;Porcja: 649,36 kcal | Białko: 40,35 g | Tłuszcz: 21,92 g | Węglowodany: 72,88 g. | Ziemniaki, mięso wieprzowe, SELER korzeń, pieczarki, bułka tarta (GLUTEN, SOJA), majonez roślinny (GORCZYCA), jabłko tarte, JAJA, marchew, cebula, ser mozzarella (MLEKO), mąka PSZENNA, panierka panko (PSZENICA), żurawina suszona, koper świeży, sól, masło (MLEKO), cukier, sok z cytryny, olej rzepakowy, czosnek, natka pietruszki, pieprz czarny, kwas askorbinowy
236;Kanapka Cezar;15;;548.6;26.47;24.56;47.99;;;tak;2026-09-29;https://ml-assets.com/images/side-orders/kuchniavikinga/kuchniavikinga-236-c009bfa93e04493a94b61ecfed1a65a9.jpg;Porcja: 548,6 kcal | Białko: 26,47 g | Tłuszcz: 24,56 g | Węglowodany: 47,99 g. | Bułka kukurydziana z serem (PSZENICA, MLEKO), filet z piersi kurczaka, ser cheddar (MLEKO), pomidor śliwkowy, boczek wieprzowy parzony (SOJA), sos arabski (GORCZYCA, MLEKO), sałata rzymska, olej rzepakowy, czosnek granulowany, pieprz czarny, tymianek suszony, rozmaryn suszony, cebula w proszku
238;Bajgiel azjatycki z kurczakiem teriyaki;15;;453.61;25.68;13.31;55.76;;;tak;2026-09-29;https://ml-assets.com/images/side-orders/kuchniavikinga/kuchniavikinga-238-383835835adc48768836b52d2f77c586.jpg;Porcja: 453,61 kcal | Białko: 25,68 g | Tłuszcz: 13,31 g | Węglowodany: 55,76 g. | Bajgiel PSZENNY z SEZAMEM, filet z piersi kurczaka, grzyby shiitake w zalewie (SOJA, PSZENICA), ogórek zielony, JOGURT naturalny grecki, sałata karbowana, sos paprykowy sriracha, sos teriyaki (SEZAM, SOJA, GLUTEN), serek śmietankowy (MLEKO), olej rzepakowy, przyprawy: kolendra mielona, imbir mielony, kurkuma, kmin rzymski mielony, cynamon, sok z cytryny, wasabi w proszku (GORCZYCA), erytrytol, sól
249;Sałatka cezar z kurczakiem;21;;341;29;17.8;15.91;;;tak;2026-09-29;https://ml-assets.com/images/side-orders/kuchniavikinga/kuchniavikinga-249-b496cef3009c418fb338cc8680f9cee2.jpg;Porcja: 341 kcal | Białko: 29 g | Tłuszcz: 17,8 g | Węglowodany: 15,91 g. | Filet z piersi kurczaka, sałata rzymska, pomidory koktajlowe, majonez roślinny (GORCZYCA), JOGURT, grzanki ziołowe (PSZENICA, MLEKO, JAJA), mix serów włoskich (MLEKO), olej rzepakowy, ANCHOIS w oleju, musztarda (GORCZYCA), erytrytol, papryka słodka, czosnek granulowany, pieprz czarny, tymianek suszony, rozmaryn suszony, cebula w proszku, czosnek, sól
267;Naleśniki z waniliowym twarożkiem i pieczonymi jabłkami z cynamonem;17;;570.54;23.38;19.13;78.91;;;tak;2026-09-29;https://ml-assets.com/images/side-orders/kuchniavikinga/kuchniavikinga-267-42bdbf17c00a4101b850e0e94b31ecd1.jpg;Porcja: 570,54 kcal | Białko: 23,38 g | Tłuszcz: 19,13 g | Węglowodany: 78,91 g. | Jabłko prażone z cynamonem, woda, twaróg bez laktozy (MLEKO), winogrona, mąka ORKISZOWA, JAJA, olej rzepakowy, miód, jogurt naturalny bez laktozy (MLEKO), migdały w płatkach (ORZECHY), pasta waniliowa, skrobia modyfikowana, cukier, sól
269;Pancakes, skyr z brzoskwinią i marakują, konfitura wiśniowa;17;;375.45;18.07;16.53;40.03;;;tak;2026-09-29;https://ml-assets.com/images/side-orders/kuchniavikinga/kuchniavikinga-269-432585167c344187b190b72c38c92a6c.jpg;Porcja: 375,45 kcal | Białko: 18,07 g | Tłuszcz: 16,53 g | Węglowodany: 40,03 g. | Skyr brzoskwinia z marakują (MLEKO), konfitura wiśniowa, pancakes (PSZENICA), jogurt naturalny (MLEKO), JAJA, olej rzepakowy, migdały w płatkach (ORZECHY)
271;Pierożki gyoza z kurczakiem;17;;335.04;11.67;8.88;49.76;;;tak;2026-09-29;https://ml-assets.com/images/side-orders/kuchniavikinga/kuchniavikinga-271-8355a297d5b549edbc8662b4e8ffe62b.jpg;Porcja: 335,04 kcal | Białko: 11,67 g | Tłuszcz: 8,88 g | Węglowodany: 49,76 g. | Pierożki gyoza z kurczakiem (PSZENICA, SOJA, SEZAM), sos sweet chili, imbir marynowany, sos sojowy (SOJA, PSZENICA), szczypiorek, SEZAM czarny
272;Pizza z kurczakiem, papryką i pieczarkami;22;;523.26;30.08;20.77;52.79;;;tak;2026-09-29;https://ml-assets.com/images/side-orders/kuchniavikinga/kuchniavikinga-272-865747e7e5f84e3b8419cf64e3196734.jpg;Porcja: 523,26 kcal | Białko: 30,08 g | Tłuszcz: 20,77 g | Węglowodany: 52,79 g. | Pinsa (PSZENICA, SOJA), ser mozzarella (MLEKO), sos do pizzy, filet z piersi kurczaka, jogurt grecki (MLEKO), cebula, papryka kolorowa, pieczarki, majonez roślinny (GORCZYCA), rukola, olej rzepakowy, erytrytol, czosnek, papryka słodka mielona, czosnek granulowany, pieprz czarny mielony, tymianek suszony, rozmaryn suszony, cebula w proszku, czarnuszka, sól, natka pietruszki
276;Kotlet paryski z puree ziemniaczanym i marchewką z groszkiem;23;;538.49;47.34;16.83;47.34;;;tak;2026-09-29;https://ml-assets.com/images/side-orders/kuchniavikinga/kuchniavikinga-276-cac39f21a1654c9d845a9a8e83ca6b27.jpg;Porcja: 538,49 kcal | Białko: 47,34 g | Tłuszcz: 16,83 g | Węglowodany: 47,34 g. | Filet z piersi kurczaka, ziemniaki, marchew z groszkiem, woda, MLEKO 1,5%, JAJA, mąka PSZENNA, masło (MLEKO), olej rzepakowy, sól, przyprawy: papryka słodka mielona, czosnek granulowany, pieprz czarny mielony, tymianek suszony, rozmaryn suszony, cebula w proszku, sól, cukier, sok z cytryny, kurkuma
277;Pierś z kurczaka z ryżem i warzywami;22;;480.54;42.89;16.42;39.91;;;tak;2026-09-29;https://ml-assets.com/images/side-orders/kuchniavikinga/kuchniavikinga-277-df589e76333e4ec0a443b347a32b0059.jpg;Porcja: 480,54 kcal | Białko: 42,89 g | Tłuszcz: 16,42 g | Węglowodany: 39,91 g. | Filet z piersi kurczaka, brokuł, jogurt naturalny grecki (MLEKO), marchew z groszkiem, ryż basmati, majonez roślinny (GORCZYCA), olej rzepakowy, papryka słodka mielona, czosnek granulowany, pieprz czarny mielony, tymianek suszony, rozmaryn suszony, cebula w proszku, sól, erytrytol, czosnek, czarnuszka, natka pietruszki
278;Stripsy z kurczaka z dipem czosnkowym, frytkami z batata i colesławem z czerwonej kapusty;24;;825.4;39.39;46.01;63.06;;;tak;2026-09-29;https://ml-assets.com/images/side-orders/kuchniavikinga/kuchniavikinga-278-1a64b8a1d8d04661a7c032b68b7908a3.jpg;Porcja: 825,4 kcal | Białko: 39,39 g | Tłuszcz: 46,01 g | Węglowodany: 63,06 g. | Frytki z batatów, filet z piersi kurczaka, kapusta czerwona, majonez roślinny (GORCZYCA), jogurt naturalny grecki (MLEKO), JAJA, marchew, bułka tarta (GLUTEN, SOJA), olej rzepakowy, erytrytol, panierka panko (PSZENICA), musztarda (GORCZYCA), sól, sok z cytryny, papryka słodka mielona, czosnek granulowany, pieprz czarny mielony, tymianek suszony, rozmaryn suszony, cebula w proszku, czosnek, kwas askorbinowy, natka pietruszki, czarnuszka
282;Uramaki z wędzonym łososiem;16;;248.23;11.13;4.02;40.17;;;tak;2026-09-29;https://ml-assets.com/images/side-orders/kuchniavikinga/kuchniavikinga-282-cc57fc8567554e538f8f853f85cd4d27.jpg;Porcja: 248,23 kcal | Białko: 11,13 g | Tłuszcz: 4,02 g | Węglowodany: 40,17 g. | Ryż, ŁOSOŚ wędzony na zimno, marynowany imbir, tykwa marynowana (PSZENICA, SOJA), rzodkiew marynowana, sos sojowy (SOJA, PSZENICA), ocet ryżowy (PSZENICA), cukier,  wasabi w proszku (GORCZYCA), algi nori, majonez roślinny (GORCZYCA), przyprawy: chilli kruszone, skórka z mandarynki, imbir w proszku, SEZAM biały, SEZAM czarny, turzyca morska, GORCZYCA, sos chili-sriracha, sól
293;3vik;14;;481;8.51;28.55;54.94;;;tak;2026-09-29;https://ml-assets.com/images/side-orders/kuchniavikinga/kuchniavikinga-293-78c2046ca082470aa3a21bdad60991a9.jpg;Porcja: 481 kcal | Białko: 8,51 g | Tłuszcz: 28,55 g | Węglowodany: 54,94 g. | Woda, herbatniki kakaowe (PSZENICA), kajmak (MLEKO), krem deserowy (MLEKO), mascarpone (MLEKO), śmietanka roślinna, MLEKO 1,5%, czekolada gorzka (SOJA), pasta waniliowa, stabilizator
294;Country Viking;15;;575.27;12.68;37.37;45.94;;;tak;2026-09-29;https://ml-assets.com/images/side-orders/kuchniavikinga/kuchniavikinga-294-c83b8009af5441efb20bf0dd49b52482.jpg;Porcja: 575,27 kcal | Białko: 12,68 g | Tłuszcz: 37,37 g | Węglowodany: 45,94 g. | Ser twarogowy (MLEKO), śmietanka 18% (MLEKO), herbatniki kakaowe (PSZENICA), biała czekolada (MLEKO, SOJA), gorzka czekolada, ORKISZ preparowany, cukier puder, stabilizator, pasta waniliowa
301;Zupa serowa z pulpetami;17;;393;21.9;28.37;11.87;;;tak;2026-09-29;https://ml-assets.com/images/side-orders/kuchniavikinga/kuchniavikinga-301-9f01.jpg;Porcja: 393 kcal | Białko: 21,9 g | Tłuszcz: 28,37 g | Węglowodany: 11,87 g. | Woda, mięso wieprzowe, por, ser topiony (JAJA, MLEKO), śmietanka 30% (MLEKO), marchew, pietruszka korzeń, cebula, SELER korzeń, ser holenderski (MLEKO), JAJA, sól, olej rzepakowy, bułka tarta (GLUTEN, SOJA), czosnek, przyprawa serowa (MLEKO), erytrytol, baza rosołowa, przyprawy: pieprz czarny mielony, pietruszka suszona korzeń, liść laurowy, szałwia, sól morska drobna, ekstrakt drożdżowy, koper włoski, pietruszka nać, imbir, ziele angielskie, pieprz biały, gałka muszkatołowa
302;Chrzanowy żurek z białą kiełbasą i jajkiem;16;;327.24;18.6;22.54;11.57;;;tak;2026-09-29;https://ml-assets.com/images/side-orders/kuchniavikinga/kuchniavikinga-302-d7b265ed8fb044d6954477075a8ef052.jpg;Porcja: 327,24 kcal | Białko: 18,6 g | Tłuszcz: 22,54 g | Węglowodany: 11,57 g. | Woda, JAJA, mięso wieprzowe, cebula, śmietanka 30% (MLEKO), zakwas żytni (GLUTEN), pietruszka korzeń, SELER korzeń, ziemniaki, bulion wołowy, bulion warzywny, esencja dymna, czosnek, chrzan tarty (MLEKO), olej rzepakowy, sól, ocet spirytusowy, majeranek suszony, pieprz czarny mielony, czosnek granulowany, GORCZYCA biała, liść laurowy mielony, przyprawa w płynie, ziele angielskie mielone
307;Croissant z pastą jajeczną i warzywami;14;;512.48;18.22;34.51;31.18;;;tak;2026-09-29;https://ml-assets.com/images/side-orders/kuchniavikinga/kuchniavikinga-307-eb7d1e115fea42188ea6a6459dcc0e5f.jpg;Porcja: 512,48 kcal | Białko: 18,22 g | Tłuszcz: 34,51 g | Węglowodany: 31,18 g. | JAJA, croissant wieloziarnisty (GLUTEN, MLEKO, JAJA, SEZAM), ogórek, papryka czerwona, majonez roślinny (GORCZYCA), sałata karbowana, musztarda (GORCZYCA), pieprz czarny mielony, szczypiorek świeży, erytrytol, sól
311;Jabłko;12;;136.02;1.18;1.18;29.87;;;tak;2026-09-29;https://ml-assets.com/images/side-orders/kuchniavikinga/kuchniavikinga-311-2a82596643764a698b62f92e5921ab91.jpg;Porcja: 136,02 kcal | Białko: 1,18 g | Tłuszcz: 1,18 g | Węglowodany: 29,87 g. | Jabłko, Woda, Kwas askorbinowy
312;Pomarańcza;12;;115;0;0;26.61;;;tak;2026-09-29;https://ml-assets.com/images/side-orders/kuchniavikinga/kuchniavikinga-312-d6b5775df78843e7b890e98e97fe903c.jpg;Porcja: 115 kcal | Białko: 0,0 g | Tłuszcz: 0,00 g | Węglowodany: 26,61 g. | Sok z pomarańczy, Woda, Kwas askorbinowy
315;Milkshake proteinowy czekoladowy;13;;260.27;26.35;9.56;17.27;;;tak;2026-09-29;https://ml-assets.com/images/side-orders/kuchniavikinga/kuchniavikinga-315-2266830388c149ebbfd0c5c3221bf624.jpg;Porcja: 260,27 kcal | Białko: 26,35 g | Tłuszcz: 9,56 g | Węglowodany: 17,27 g. | Woda, MLEKO 1,5%, JOGURT naturalny, koncentrat białek serwatkowych czekoladowy (MLEKO, SOJA), MLEKO w proszku, aromat czekoladowy
316;Shake słona krówka;13;;369.76;12.44;15.2;46.04;;;tak;2026-09-29;https://ml-assets.com/images/side-orders/kuchniavikinga/kuchniavikinga-316-d635fe57bce14b2aa1e80c399fbe6e81.jpg;Porcja: 369,76 kcal | Białko: 12,44 g | Tłuszcz: 15,2 g | Węglowodany: 46,04 g. | MLEKO 1,5%, JOGURT naturalny, kajmak (MLEKO), cukier, aromat karmelowy, sól
319;Sałatka z pieczonym burakiem i kaszą bulgur;22;;647.67;18.79;42.7;47.33;;;tak;2026-09-29;https://ml-assets.com/images/side-orders/kuchniavikinga/kuchniavikinga-319-bc988c0b4fd343aca857b08fd1c13a18.jpg;Porcja: 647,67 kcal | Białko: 18,79 g | Tłuszcz: 42,7 g | Węglowodany: 47,33 g. | | Burak, ser typu bałkańskiego (MLEKO), marchew, mix sałat, pomidory koktajlowe, olej rzepakowy, kasza bulgur, żurawina suszona, pestki dyni, musztarda (GORCZYCA), miód, krem balsamiczny (DWUTLENEK SIARKI), przyprawy: sól, czosnek granulowany, cebula mielona, papryka słodka, kolendra mielona, oregano suszone, koper suszony, tymianek suszony, imbir mielony, kurkuma, pomidor grys, czosnek, ocet winny (DWUTLENEK SIARKI)
320;Sałatka kebab kurczak mieszany;22;;475;25.8;27.18;31.43;;;tak;2026-09-29;https://ml-assets.com/images/side-orders/kuchniavikinga/kuchniavikinga-320-c9dd4588309b4fb3ae9a99234bbe1287.jpg;Porcja: 475 kcal | Białko: 25,8 g | Tłuszcz: 27,18 g | Węglowodany: 31,43 g. | Kebab z kurczaka (SOJA, MLEKO, GORCZYCA), mix sałat, ziemniaki, ogórki kiszone, papryka czerwona, JOGURT grecki, majonez roślinny (GORCZYCA), cebula czerwona, kukurydza konserwowa, ketchup, sos sriracha-chili, olej rzepakowy, czosnek, sól, pieprz czarny mielony
325;Gołąbek w sosie pomidorowym z puree ziemniaczanym i sałatką z kiszonego ogórka;23;;605.89;17.63;38.6;45.55;;;tak;2026-09-29;https://ml-assets.com/images/side-orders/kuchniavikinga/kuchniavikinga-325-f8d3be7cf0a247f4b1e5ac4c63ffa3d9.jpg;Porcja: 605,89 kcal | Białko: 17,63 g | Tłuszcz: 38,6 g | Węglowodany: 45,55 g. | Gołąbki z kapustą włoską, ziemniaki, pomidory krojone, ogórek kiszony (GORCZYCA), MLEKO 1,5%, śmietanka 30% (MLEKO), cebula, masło (MLEKO), musztarda francuska (GORCZYCA), cebula czerwona, olej rzepakowy, miód wielokwiatowy, sól, cukier, czosnek, koper świeży, papryka słodka mielona, pieprz czarny
337;Kanapka musli z szynką, serem i ogórkiem kiszonym;10;;471.17;21.32;23.28;42.77;;;tak;2026-09-29;https://ml-assets.com/images/side-orders/kuchniavikinga/kuchniavikinga-337-d4555674bd6d4f96b84336c1df035881.jpg;Porcja: 471,17 kcal | Białko: 21,32 g | Tłuszcz: 23,28 g | Węglowodany: 42,77 g. | Bułka (SOJA, GLUTEN), polędwica sopocka wędzona, majonez roślinny (GORCZYCA), ser gouda (MLEKO), ogórek kiszony (GORCZYCA), sałata karbowana
339;Kebab z kurczakiem w chlebie arabskim;13;;609.6;20.1;30.66;65.84;;;tak;2026-09-29;https://ml-assets.com/images/side-orders/kuchniavikinga/kuchniavikinga-339-3a3452eeba2e44b2a9b0cdd838aaac70.jpg;Porcja: 609,6 kcal | Białko: 20,1 g | Tłuszcz: 30,66 g | Węglowodany: 65,84 g. | Chlebek pita (PSZENICA), kebab z kurczaka (SOJA, GORCZYCA, MLEKO), kapusta biała, sos czosnkowy (GORCZYCA, MLEKO), ogórek zielony, papryka czerwona
341;Kanapka z jajkiem sadzonym i chipsem z boczku;12;;484.77;17.34;24.54;47.73;;;tak;2026-09-29;https://ml-assets.com/images/side-orders/kuchniavikinga/kuchniavikinga-341-fd6f5d8b33db4edfaa619d7bc9bf9d58.jpg;Porcja: 484,77 kcal | Białko: 17,34 g | Tłuszcz: 24,54 g | Węglowodany: 47,73 g. | Bułka kukurydziana z serem (PSZENICA, MLEKO), JAJA, boczek wieprzowy (SOJA), majonez roślinny (GORCZYCA), papryka czerwona, sałata karbowana
342;Chia z mango;13;;408;14;15.1;49.07;;;tak;2026-09-29;https://ml-assets.com/images/side-orders/kuchniavikinga/kuchniavikinga-342-221bb8ced1de480cbbd7801f9f9b1a1a.jpg;Porcja: 408 kcal | Białko: 14 g | Tłuszcz: 15,1 g | Węglowodany: 49,07 g. | MLEKO 1,5%, jogurt (MLEKO), konfitura mango, nasiona chia, cukier
344;Sernik creme brulee;15;;273.32;15.09;14.45;20.22;;;tak;2026-09-29;https://ml-assets.com/images/side-orders/kuchniavikinga/kuchniavikinga-344-8a3194c80a3e4562a2b5cd575d23eee9.jpg;Porcja: 273,32 kcal | Białko: 15,09 g | Tłuszcz: 14,45 g | Węglowodany: 20,22 g. | Ciastka owsiane (GLUTEN, MLEKO), twaróg półtłusty (MLEKO), śmietanka 18% (MLEKO), masło (MLEKO), JAJA, MLEKO 1,5%, cukier, koncentrat białek serwatkowych waniliowy (MLEKO), creme brulee w proszku (JAJA), mix mąk bezglutenowych, żelatyna, pasta waniliowa
348;Philadelphia z pieczonym łososiem DUŻE;29;;607.98;23.63;17.13;79.15;;;tak;2026-09-29;https://ml-assets.com/images/side-orders/kuchniavikinga/kuchniavikinga-348-695a51fda2b3454dbc9d56c44c94b7aa.jpg;Porcja: 607,98 kcal | Białko: 23,63 g | Tłuszcz: 17,13 g | Węglowodany: 79,15 g. | ŁOSOŚ, ryż, marynowany imbir, serek (MLEKO), tykwa marynowana (PSZENICA, SOJA), ogórek, sos sojowy (SOJA, PSZENICA), ocet ryżowy (PSZENICA), cukier, wasabi w proszku (GORCZYCA), algi nori, majonez roślinny (GORCZYCA), sól, sok z limonki, sos chili sriracha
349;Mix Box - Imprezowy;90;;;;;;;;tak;2026-09-29;https://ml-assets.com/images/side-orders/kuchniavikinga/kuchniavikinga-349-e44c8b9afbcc4b5383828aa190c924d2.jpg;Co w boxie? | 2x Mini burger z szarpaną wieprzowiną | 2x Mini smash burger | 2x Mini Cezar | 2x Mini sałatka z kuskusem perłowym i krewetką | 2x Mini croissant z wędzonym łososiem | 5x Philadelphia z pieczonym łososiem | 5x Uramaki Wege | Dodatki: Sos sojowy | Alergeny: gluten, mleko, skorupiaki, ryby, soja, gorczyca, seler, jaja, sezam
351;New Mix Box - Sushi;70;;;;;;;;tak;2026-09-29;https://ml-assets.com/images/side-orders/kuchniavikinga/kuchniavikinga-351-162f7f8b91a44a689aa0b54d4b9a0b90.jpg;Co w boxie? | 10x Futomaki z pieczonym | 10x Uramaki Wege | 10x Futomaki z surowym łososiem | Dodatki: Sos sojowy, Wasabi, Imbir marynowany | Alergeny: mleko, ryby, soja, gluten, sezam, gorczyca
382;Zupa pomidorowa z ryżem;14;;303.48;6.28;12.18;42.07;;;tak;2026-09-29;https://ml-assets.com/images/side-orders/kuchniavikinga/kuchniavikinga-382-680f5c7967704d35aa5208b0b73892d3.jpg;Porcja: 303,48 kcal | Białko: 6,28 g | Tłuszcz: 12,18 g | Węglowodany: 42,07 g. | Woda, pulpa pomidorowa, ryż basmati, marchew, cebula, śmietanka 30% (MLEKO), koncentrat pomidorowy, olej rzepakowy, bulion warzywny, czosnek, sól, przyprawa bulionowa, pieprz czarny mielony, zioła prowansalskie suszone, liść laurowy mielony, ziele angielskie mielone
384;Korean Fire Chicken;23;;746.2;40.03;13.57;115.24;;;tak;2026-09-29;https://ml-assets.com/images/side-orders/kuchniavikinga/kuchniavikinga-384-bf24aae968ff4d53903c2c09d950155f.jpg;Porcja: 746,2 kcal | Białko: 40,03 g | Tłuszcz: 13,57 g | Węglowodany: 115,24 g. | Filet z piersi kurczaka, kapusta biała, ryż basmati, sos sweet chili, marchew, mąka ziemniaczana, sos sriracha chili, ocet ryżowy (PSZENICA), limonka, cukier, olej rzepakowy, sól, szczypiorek, mieszanka przypraw azjatycka, SEZAM biały, SEZAM czarny
385;Kurczak generała TSO;23;;597.73;48.72;15.67;63.93;;;tak;2026-09-29;https://ml-assets.com/images/side-orders/kuchniavikinga/kuchniavikinga-385-eb751f81344a462ea23f1d1e77c83d9f.jpg;Porcja: 597,73 kcal | Białko: 48,72 g | Tłuszcz: 15,67 g | Węglowodany: 63,93 g. | Filet z piersi kurczaka, brokuł, ryż basmati, sos sweet-chili, sos teriyaki (PSZENICA, SEZAM, SOJA), mieszanka przypraw azjatycka, olej rzepakowy, sos sriracha chili, sól, SEZAM biały
386;Bajgiel z awokado i jajkiem;14;;527.17;17.61;27.78;50.27;;;tak;2026-09-29;https://ml-assets.com/images/side-orders/kuchniavikinga/kuchniavikinga-386-e573f1b3f01e4277822c57aeb7f8085f.jpg;Porcja: 527,17 kcal | Białko: 17,61 g | Tłuszcz: 27,78 g | Węglowodany: 50,27 g. | Bajgiel pszenny z makiem (GLUTEN), JAJA, serek śmietankowy (MLEKO), rzodkiewka, awokado, majonez roślinny (GORCZYCA), sałata karbowana, jogurt naturalny grecki (MLEKO), koper, erytrytol, sól, pieprz czarny mielony
387;Ciabatta z szarpaną wieprzowiną i colesławem;13;;497.6;24.78;16.81;57.93;;;tak;2026-09-29;https://ml-assets.com/images/side-orders/kuchniavikinga/kuchniavikinga-387-743042a449ca4d8d8c809d3452463760.jpg;Porcja 497,6 kcal | Białko: 24,78 g | Tłuszcz: 16,81 g | Węglowodany: 57,93 g. | Bułka schiacciata (PSZENICA), łopatka wieprzowa, sos barbecue, kapusta biała, sałata karbowana, majonez roślinny (GORCZYCA), marchew, sól, ocet spirytusowy, erytrytol, olej rzepakowy, natka pietruszki, papryka słodka mielona, kurkuma mielona, kolendra mielona, oregano suszone, bazylia suszone, tymianek suszony, koper świeży, pieprz czarny mielony
388;Omlety z kurczakiem i brokułami;18;;344.63;30.11;22.23;5.98;;;tak;2026-09-29;https://ml-assets.com/images/side-orders/kuchniavikinga/kuchniavikinga-388-6d6f915df94e41e7ad98a2338e462d6d.jpg;Porcja: 344,63 kcal | Białko: 30,11 g | Tłuszcz: 22,23 g | Węglowodany: 5,98 g. | JAJA, brokuł, filet z piersi kurczaka, ser bałkański bez laktozy (MLEKO), ser topiony śmietankowy (MLEKO, JAJA), rukola, śmietanka 30% (MLEKO), MIGDAŁY w płatkach, sól, pomidory suszone w płatkach, olej rzepakowy, papryka słodka mielona, czosnek granulowany, pieprz czarny mielony, tymianek suszony, rozmaryn suszony, cebula w proszku
389;Futomaki z surowym łososiem MAŁE;15;;316;13.75;10.45;39.94;;;tak;2026-09-29;https://ml-assets.com/images/side-orders/kuchniavikinga/kuchniavikinga-389-34680b2cd1904581b8d14eca7a9f0bdd.jpg;Porcja: 316 kcal | Białko: 13,75 g | Tłuszcz: 10,45 g | Węglowodany: 39,94 g. | ŁOSOŚ, ryż, imbir marynowany, serek śmietankowy (MLEKO), ogórek, woda, sos sojowy (SOJA, PSZENICA), cukier, ocet ryżowy (PSZENICA), sól, wasabi (GORCZYCA), algi nori
393;Sushi Box - Łosoś Pieczony Classic;70;;;;;;;;tak;2026-09-29;https://ml-assets.com/images/side-orders/kuchniavikinga/kuchniavikinga-393-79144d9be7bc43a1832e3b4f20436b96.jpg;Co w boxie? | 30x Philadelphia z pieczonym łososiem | Dodatki: Sos sojowy, Wasabi, Imbir marynowany | Alergeny: ryby, mleko, soja, gluten, gorczyca
399;Sushi Box - Łosoś Surowy;70;;;;;;;;tak;2026-09-29;https://ml-assets.com/images/side-orders/kuchniavikinga/kuchniavikinga-399-5e3ebf33933f4265af42d7b51428f6c1.jpg;Co w boxie? | 30x Futomaki z surowym łososiem | Dodatki: Sos sojowy, Wasabi, Imbir marynowany | Alergeny: gluten, ryby, mleko, soja, gorczyca
401;Makaron tagliatelle z sosem szpinakowym;19;;761.91;16.54;49.97;60.29;;;tak;2026-09-29;https://ml-assets.com/images/side-orders/kuchniavikinga/kuchniavikinga-401-a7d71f5b7ecb4d0fa55978e9ff2498de.jpg;Porcja: 761,91 kcal | Białko: 16,54 g | Tłuszcz: 49,97 g | Węglowodany: 60,29 g. | Śmietanka 30% (MLEKO), szpinak, makaron tagliatelle (PSZENICA), cebula, masło (MLEKO), wino białe (DWUTLENEK SIARKI), olej rzepakowy, mix serów włoskich (MLEKO), przyprawa bulionowa, czosnek, sól, pieprz czarny młotkowany
405;DAILY PACK niebieski;2.99;;;;;;;;tak;2026-09-29;https://ml-assets.com/images/side-orders/kuchniavikinga/kuchniavikinga-405-7ba8aa08ce854a7a8e46c118733fc223.jpg;"Saszetka witaminowa dla mężczyzn zawierająca 4 kapsułki oraz 1 tabletkę: | 2 kapsułki pomarańczowe: potas 300 mg; magnez 150 mg; witamina B6 2mg | 1 kapsułka miękka typu softgel: olej rybi 1000 mg (w tym EPA 180 mg, DHA 120 mg) | 1 kapsułka szara: witamina C 250 mg; ekstrakt z żeń-szenia właściwego 200 mg; koenzym Q10 60mg; cynk 10 mg | 1 tabletka: witamina E12 mg; witamina A 800 µg; witamina K 75 µg; witamina D 50 µg"
406;DAILY PACK różowy;2.99;;;;;;;;tak;2026-09-29;https://ml-assets.com/images/side-orders/kuchniavikinga/kuchniavikinga-406-e68e161d05a548c38712aae811f7bfe0.jpg;"Saszetka witaminowa dla kobiet zawierająca 4 kapsułki oraz 1 tabletkę: | 2 kapsułki pomarańczowe: potas 300 mg; magnez 150 mg; witamina B6 2mg | 1 kapsułka miękka typu softgel: olej rybi 1000 mg (w tym EPA 180 mg, DHA 120 mg) | 1 kapsułka czerwona: hydrolizat kolagenu 300 mg; witamina C 250 mg; koenzym Q10 60 mg; cynk 10 mg | 1 tabletka: witamina E12 mg; witamina A 800 µg; witamina K 75 µg; witamina D 50 µg"
407;Bajgiel Boss - Kids Box;14.99;;460.51;20.17;17.34;56.31;;;tak;2026-09-29;https://ml-assets.com/images/side-orders/kuchniavikinga/kuchniavikinga-407-08e1727892db417e9aa0992feeacfce9.jpg;Bajgiel Boss - Bajgiel z ziarnami z pieczonym kurczakiem, twarożkiem i sałatą, papryka, biszkopt z jabłkami. | Porcja: 460,51 kcal | Białko: 20,17 g | Tłuszcz: 17,34 g | Węglowodany: 56,31 g. | Skład: filet z piersi kurczaka, papryka czerwona, bajgiel (GLUTEN, SEZAM, SOJA), jabłko, mąka PSZENNA, olej rzepakowy, ketchup, serek śmietankowy (MLEKO), JOGURT naturalny (MLEKO), cukier, sałata, białko JAJA, żółtko JAJA, cukier puder, przyprawy: papryka słodka, czosnek granulowany, pieprz czarny, tymianek suszony, rozmaryn suszony, cebula w proszku, proszek do pieczenia (PSZENICA)
408;Futomaki Furia - Kids Box;14.99;;525.88;16.79;18.2;68.05;;;tak;2026-09-29;https://ml-assets.com/images/side-orders/kuchniavikinga/kuchniavikinga-408-9fb22a241b5e495fb057b4fc78ac86f2.jpg;Futomaki Philadelphia z pieczonym łososiem, ogórek, muffinki czekoladowe | Porcja: 525,88 kcal | Białko: 16,79 g | Tłuszcz: 18,2 g | Węglowodany: 68,05 g. | Skład: ogórek, ryż, ŁOSOŚ, serek śmietankowy (MLEKO), cukier, mąka PSZENNA, marchew, JAJA, MLEKO, masło (MLEKO), ocet ryżowo-zbożowy (PSZENICA), woda, czekolada gorzka (SOJA), majonez roślinny (GORCZYCA), kakao, algi nori, proszek do pieczenia (PSZENICA), sól, sos sriracha chili
409;Croissant Czempion - Kids Box;14.99;;498.87;18.04;35;26.47;;;tak;2026-09-29;https://ml-assets.com/images/side-orders/kuchniavikinga/kuchniavikinga-409-3398cfebd8c543fd98ea9be82ca588fb.jpg;Croissant z polędwicą wieprzową, serem i sałatą, ogórek, mini przekąska malinowo-migdałowa | Porcja: 498,87 kcal | Białko: 18,04 g | Tłuszcz: 35 g | Węglowodany: 26,47 g. | Skład: ogórek, croissant wieloziarnisty (GLUTEN, MLEKO, JAJA, SEZAM), polędwica sopocka wędzona, ser gouda (MLEKO), serek (MLEKO), syrop daktylowy, MIGDAŁY, MIGDAŁY w płatkach, sałata, ORZECHY laskowe, olej kokosowy, maliny liofilizowane, wiórki kokosowe, nasiona słonecznika, cukier, cukier wanilinowy, sól
410;Naleśnikowy Ninja - Kids Box;14.99;;527.34;22.77;22.5;59.23;;;tak;2026-09-29;https://ml-assets.com/images/side-orders/kuchniavikinga/kuchniavikinga-410-63c627fd524f46e68f4d9ee301b2af21.jpg;Naleśniki z waniliowym twarożkiem, winogrono, mieszanka orzeszków z bakaliami | Porcja: 527,34 kcal | Białko: 22,77 g | Tłuszcz: 22,5 g | Węglowodany: 59,23 g. | Skład: twaróg półtłusty (MLEKO), winogrono, woda, mieszanka bakaliowa (ORZECHY, ORZECHY ARACHIDOWE), mąka PSZENNA, JAJA, jogurt naturalny (MLEKO), cukier, olej rzepakowy, cukier wanilinowy, skrobia modyfikowana, sól
411;Tofinki Turbo - Kids Box;14.99;;610.18;30.48;29.25;55.12;;;tak;2026-09-29;https://ml-assets.com/images/side-orders/kuchniavikinga/kuchniavikinga-411-1c24c665366c4ab2aa2f24b61f4c07ac.jpg;Serniczki toffi, melon, chipsy bananowe z migdałami | Porcja: 610,18 kcal | Białko: 30,48 g | Tłuszcz: 29,25 g | Węglowodany: 55,12 g. | Skład: twaróg półtłusty (MLEKO), melon, kajmak (MLEKO), JAJA, chipsy bananowe, MIGDAŁY, mąka ziemniaczana, mąka ORKISZOWA
412;Urocze Uramaki - Kids Box;14.99;;480.29;9.24;14.96;75.12;;;tak;2026-09-29;https://ml-assets.com/images/side-orders/kuchniavikinga/kuchniavikinga-412-99925d38a6fb428382331bf99b7a0e51.jpg;Uramaki z pieczonym batatem, marchewka, muffinki bananowo-czekoladowe | Porcja: 480,29 kcal | Białko: 9,24 g | Tłuszcz: 14,96 g | Węglowodany: 75,12 g. | Skład: marchew, ryż, frytki z batata, przecier z banana 100%, serek (MLEKO), mąka PSZENNA, ogórek, cukier brązowy, masło (MLEKO), ocet ryżowo-zbożowy (PSZENICA), woda, cukier, czekolada gorzka (SOJA), JAJA, algi nori, SEZAM biały, SEZAM czarny, olej rzepakowy, sól, soda oczyszczona, cynamon
413;CoCo Quesadilla - Kids Box;14.99;;;;;;;;tak;2026-09-29;https://ml-assets.com/images/side-orders/kuchniavikinga/kuchniavikinga-413-e4949359902e49e89e449968db59bcaa.jpg;Quesadilla serowo-szpinakowa z kurczakiem i kukurydzą, pomidorki, cytrynowe ciasteczka z kaszą manną, melon | Skład: melon, tortilla pełnoziarnista (GLUTEN), pomidory koktajlowe, filet z piersi kurczaka, szpinak mrożony, mąka PSZENNA, kasza MANNA, kukurydza konserwowa, ser mozzarella (MLEKO), cebula, JAJA, masło (MLEKO), cukier, majonez rośliny (GORCZYCA), serek (MLEKO), olej rzepakowy, skórka z cytryny kandyzowana, sól, cukier wanilinowy, czosnek, proszek do pieczenia (PSZENICA), przyprawy: papryka słodka, czosnek granulowany, pieprz czarny, tymianek, rozmaryn, cebula w proszku
414;Pita Pif-Paf - Kids Box;14.99;;501.66;23.66;17.96;59.27;;;tak;2026-09-29;https://ml-assets.com/images/side-orders/kuchniavikinga/kuchniavikinga-414-81eae311b3e34d71a350937f176f7bf0.jpg;Pita z hummusem pomidorowym, pieczonym indykiem i serem, papryka, batonik daktylowy z borówkową galaretką | Porcja: 501,66 kcal | Białko: 23,66 g | Tłuszcz: 17,96 g | Węglowodany: 59,27 g. | Skład: papryka czerwona, filet z piersi indyka, pita (PSZENICA), pasta daktylowa, hummus pomidorowy (SEZAM), ser gouda (MLEKO), woda, borówki, masło ORZECHOWE (ORZESZKI ZIEMNE), cukier, płatki OWSIANE, sałata, olej rzepakowy, kakao, mąka kokosowa, sól, żelatyna, przyprawy: papryka słodka, czosnek granulowany, pieprz czarny, tymianek, rozmaryn, cebula w proszku
415;Wypasiony Wrap - Kids Box;14.99;;460.51;;;;;;tak;2026-09-29;https://ml-assets.com/images/side-orders/kuchniavikinga/kuchniavikinga-415-f0cbc3b19f554347911728888485757e.jpg;Wrap z indykiem i warzywami, ananas, czekoladowe ciasteczka owsiane | Porcja: 460,51 kcal | Skład: Ananas, pomidory koktajlowe, tortilla PSZENNO-ŻYTNIA (GLUTEN), filet z piersi indyka, płatki OWSIANE, cukier trzcinowy, papryka czerwona, banan, MLEKO, ogórki kiszone, olej kokosowy, pasta ORZECHOWA (ORZESZKI ARACHIDOWE), ketchup, majonez roślinny (GORCZYCA), kakao, sałata rzymska, kukurydza konserwowa, ser mozzarella (MLEKO), sałata lodowa, cebula czerwona, olej rzepakowy, sól, przyprawy: papryka słodka mielona, czosnek granulowany, pieprz czarny mielony
416;Torba termiczna;69.99;;;;;;;;tak;2026-09-29;https://ml-assets.com/images/side-orders/kuchniavikinga/kuchniavikinga-416-22b2a3c14aff4b34840a34b6db139216.jpg;Torba termiczna z dwoma wkładami chłodzącymi o pojemności 400 ml każdy. | Wymiary torby to 42 cm (W) x 30 cm (S) x 22 cm (G), więc zmieści się w niej jedna żółta torba z dietą. | Idealna na upalne dni, chroni Twoje posiłki.
417;Mix Box – Burger;80;;;;;;;;tak;2026-09-29;https://ml-assets.com/images/side-orders/kuchniavikinga/kuchniavikinga-417-ce904f09865d4f2ca7f6bcc91f116aa6.jpg;Co w boxie? | 4x Mini Chicken Burger (kurczak w panko) | 4x Mini Szarpak Burger (szarpana wieprzowina) | 4x Mini Smash Burger (wołowina) | Alergeny: gluten, mleko, soja, gorczyca, jaja
418;Mix Box – Słodki do kawy;70;;;;;;;;tak;2026-09-29;https://ml-assets.com/images/side-orders/kuchniavikinga/kuchniavikinga-418-7d764e468dbe4429b2970432a9d05fe5.jpg;Co w boxie? | 5x Muffinka z oreo i konfiturą malinową | 5x Popsy chałwowe | 5x Popsy brownie | 8x Brownie na patyku | Alergeny: gluten, jaja, mleko, soja, sezam, orzechy
419;Mix Box – Sushi Uramaki;70;;;;;;;;tak;2026-09-29;https://ml-assets.com/images/side-orders/kuchniavikinga/kuchniavikinga-419-1eb1dc8f65d54774a4e331518a921ab1.jpg;Co w boxie? | 10x Uramaki z wędzonym łososiem | 10x Uramaki Wege | 10x California z pieczonym łososiem i tobiko | Dodatki: Sos sojowy, Wasabi, Imbir marynowany | Alergeny: ryby, mleko, soja, gorczyca, sezam
420;Sushi Box – Łosoś wędzony;70;;;;;;;;tak;2026-09-29;https://ml-assets.com/images/side-orders/kuchniavikinga/kuchniavikinga-420-6383e111580f4d42985f70c177be4d69.jpg;Co w boxie? | 30x Uramaki z wędzonym łososiem | Dodatki: Sos sojowy, Wasabi, Imbir marynowany | Alergeny: ryby, soja, gluten, gorczyca, sezam
424;Sushi Box - Łosoś pieczony California;70;;;;;;;;tak;2026-09-29;https://ml-assets.com/images/side-orders/kuchniavikinga/kuchniavikinga-424-bd6d2ceae1e543e1aa2789db7a3df2d4.jpg;Co w boxie? | 30x California z pieczonym łososiem i tobiko | Dodatki: Sos sojowy, Wasabi, Imbir marynowany | Alergeny: ryby, mleko, soja, gluten, gorczyca, sezam
427;Lemoniada z Collagenem - cytryna yuzu;4.99;;;;;;;;tak;2026-09-29;https://ml-assets.com/images/side-orders/kuchniavikinga/kuchniavikinga-427-c8beae9251ad4ec089360c3c953cf856.jpg;Viking Collagen Lemonade to niegazowany napój o niskiej wartości energetycznej, w którym orzeźwiający smak owoców spotyka się z kolagenem. Każda butelka 550 ml dostarcza aż 6050 mg kolagenu, a bazę napoju stanowi sok jabłkowy. Produkt bez dodatku cukru. | Skład: woda, sok jabłkowy z zagęszczonego soku jabłkowego (20%), hydrolizat kolagenu wołowego (1,1%), regulator kwasowości: kwas cytrynowy, naturalny aromat, sok cytrynowy z zagęszczonego soku cytrynowego (0,1%), przeciwutleniacz: kwas askorbinowy, substancje słodzące: sukraloza, acesulfam k
428;Lemoniada z Collagenem - rabarbar poziomka;4.99;;;;;;;;tak;2026-09-29;https://ml-assets.com/images/side-orders/kuchniavikinga/kuchniavikinga-428-4a6b9e4ebcf94733a7623e3bad74b59f.jpg;Viking Collagen Lemonade to niegazowany napój o niskiej wartości energetycznej, w którym orzeźwiający smak owoców spotyka się z kolagenem. Każda butelka 550 ml dostarcza aż 6050 mg kolagenu, a bazę napoju stanowi sok jabłkowy. Produkt bez dodatku cukru. | Skład: woda, sok jabłkowy z zagęszczonego soku jabłkowego (20%), hydrolizat kolagenu wołowego (1,1%), regulator kwasowości: kwas cytrynowy, naturalny aromat, sok cytrynowy z zagęszczonego soku cytrynowego (0,1%), przeciwutleniacz: kwas askorbinowy, substancje słodzące: sukraloza, acesulfam k
429;Szarlotka;13;;440.3;5.92;19.43;62.9;;;tak;2026-09-29;https://ml-assets.com/images/side-orders/kuchniavikinga/kuchniavikinga-429-b085d3862c994cc199f13d3db5f3bf69.jpg;Porcja: 440,3  kcal | Białko: 5,92 g | Tłuszcz: 19,43 g | Węglowodany: 62,9 g. | Jabłko, mąka (PSZENICA), masło (MLEKO), cukier, kasza manna, cynamon mielony
430;Kokosowa Chia z maliną;14;;298.58;10.77;12.32;35.32;;;tak;2026-09-29;https://ml-assets.com/images/side-orders/kuchniavikinga/kuchniavikinga-430-b8fc29add38a42b1b54160ecf45f43d4.jpg;Porcja: 298,58 kcal | Białko: 10,77  g | Tłuszcz: 12,32 g | Węglowodany: 35,32 g. | MLEKO 1,5%, jogurt naturalny (MLEKO), konfitura malinowa bez dodatku cukru, nasiona chia, cukier, wiórki kokosowe, aromat kokosowy
431;Sernik na zimno z białą czekoladą i galaretką limonkową;13;;393.38;13.52;19.15;41.28;;;tak;2026-09-29;https://ml-assets.com/images/side-orders/kuchniavikinga/kuchniavikinga-431-d24bbeb09b7a4887bd02c638e4cec1fd.jpg;Porcja: 393,38  kcal | Białko: 13,52 g | Tłuszcz: 19,15 g | Węglowodany: 41,28 g. | Twaróg sernikowy (MLEKO), woda, cukier, biała czekolada (MLEKO, SOJA), JAJA, jogurt naturalny typ grecki (MLEKO), mąka PSZENNA, śmietanka 30% (MLEKO), olej rzepakowy, żelatyna, pasta limonkowa (SIARCZYNY), skrobia modyfikowana, pasta waniliowa, proszek do pieczenia (PSZENICA), sól, kwasek cytrynowy
432;Ciabatta Czytos-serowy kurczak;14;;508.01;26.13;19.65;55.11;;;tak;2026-09-29;https://ml-assets.com/images/side-orders/kuchniavikinga/kuchniavikinga-432-55e5332d7ba94612bd9ee4648e9d1685.jpg;Porcja: 508,01 kcal | Białko: 26,13 g | Tłuszcz: 19,65 g | Węglowodany: 55,11 g | Bułka schiacciata (GLUTEN), filet z piersi kurczaka, sos serowy (MLEKO), papryka czerwona, sałatka szwedzka (GORCZYCA), cebula prażona (PSZENICA), woda, majonez roślinny (GORCZYCA), sos sriracha chili, olej rzepakowy, sól, mieszanka przypraw azjatycka
433;Kanapka wiosenna;11;;270.55;12.06;8.77;35.35;;;tak;2026-09-29;https://ml-assets.com/images/side-orders/kuchniavikinga/kuchniavikinga-433-a8b44ab79d0045269169716674ed4991.jpg;Porcja: 270,55 kcal | Białko: 12,06 g | Tłuszcz: 8,77 g | Węglowodany: 35,35 g. | Kajzerka z SEZAMEM (PSZENICA), rzodkiewka, twaróg półtłusty (MLEKO), serek śmietankowy (MLEKO), szpinak, szczypiorek, skrobia modyfikowana, sól, pieprz czarny
434;Placki ziemniaczane z sosem grzybowym;17;;429.65;14.26;17.76;52.2;;;tak;2026-09-29;https://ml-assets.com/images/side-orders/kuchniavikinga/kuchniavikinga-434-e653e2657d8c4b70a04d2719c4d8b659.jpg;Porcja: 429,65 kcal | Białko: 14,26 g | Tłuszcz: 17,76 g | Węglowodany: 52,2 g. | Ziemniaki, pieczarki, woda, JAJA, śmietanka 30% (MLEKO), sos sojowy (SOJA, PSZENICA), cebula, cebula prażona (PSZENICA), mąka ORKISZOWA, mąka PSZENNA, płatki ziemniaczane, sól, czosnek, natka pietruszki, esencja bulionu grzybowego, olej rzepakowy, pieprz czarny, mieszanka rosołowa, majeranek
435;Ryba w panierce, dip sriracha-mayo, ziemniaki opiekane, colesław;23;;782.22;29.65;41.51;71.34;;;tak;2026-09-29;https://ml-assets.com/images/side-orders/kuchniavikinga/kuchniavikinga-435-46c7ff3d4d874fe38ae2a05a8f1baa92.jpg;Porcja: 782,22 kcal | Białko: 29,65 g | Tłuszcz: 41,51 g | Węglowodany: 71,34 g. | Filet z mintaja w panierce (RYBY, PSZENICA), ziemniaki, kapusta biała, majonez roślinny (GORCZYCA), jogurt naturalny (MLEKO), marchew, olej rzepakowy, sól, ocet spirytusowy, erytrytol, sos sriracha chili, czosnek, sok z cytryny, papryka słodka mielona, natka pietruszki, pieprz czarny, rozmaryn
436;Bowl z kurczakiem i kaszą bulgur;20;;417.49;27.69;19.1;33.6;;;tak;2026-09-29;https://ml-assets.com/images/side-orders/kuchniavikinga/kuchniavikinga-436-50f74b49745a4bd49539e2dfb3d83452.jpg;Porcja: 417,49 kcal | Białko: 27,69 g | Tłuszcz: 19,1 g | Węglowodany: 33,6 g. | Filet z piersi kurczaka, mix sałat, kapusta czerwona, fasola edamame, marchew, ogórek, papryka, woda, kasza bulgur (GLUTEN), olej rzepakowy, puree z mango, miód, ocet biały winny, musztarda (GORCZYCA), ocet ryżowy (PSZENICA), sól, cukier, przyprawy, kolendra, czosnek, kurkuma, syrop glukozowy, sól, aromat
437;Kanapka z kotletem schabowym;13;;575.51;28.84;17.75;73.93;;;tak;2026-09-29;https://ml-assets.com/images/side-orders/kuchniavikinga/kuchniavikinga-437-8598a602fcee4e42a0d725e476a426f8.jpg;Porcja: 575,51 kcal | Białko: 28,84 g | Tłuszcz: 17,75 g | Węglowodany: 73,93 g. | Bułka kukurydziana z SEZAMEM (PSZENICA), schab wieprzowy, ketchup, majonez roślinny (GORCZYCA), sałata rzymska, bułka tarta (SOJA, PSZENICA), woda, ogórek kiszony (GORCZYCA), JAJA, mąka PSZENNA, panierka panko (PSZENICA), sól, pieprz czarny, syrop glukozowy, sól, aromat
439;Śniadaniówka Kids Box;39.99;;;;;;;;tak;2026-09-29;https://ml-assets.com/images/side-orders/kuchniavikinga/kuchniavikinga-439-3ae83303fc27476aa18768b8e23e01ff.jpg;Śniadaniówka Kids Box została stworzona od zera, aby zaopiekować wszystkie potrzeby dzieci i rodziców w przechowywaniu posiłków do szkoły: | - dopasowana do posiłków Kids Box | - szczelna i solidna | - można ją myć w zmywarce | - wyprodukowana w Polsce przez firmę SIGERN | - wielokrotnego użytku | - posiada certyfikat do kontaktu z żywnością
442;Mix Box - Croissant Imprezowy;80;;1684;59.9;107.4;118.6;;;tak;2026-09-29;https://ml-assets.com/images/side-orders/kuchniavikinga/kuchniavikinga-442-bd2b14d4b3f544d888246b0f4d19d7e3.jpg;Co w boxie? | 4x Croissant krewetka z serkiem sriracha | 4x Croissant chorizo z ajvarem | 4x Croissant z kurczakiem i ananasem | Porcja: 1684 kcal | Białko: 59,9 g | Tłuszcz: 107,4 g | Węglowodany: 118,6 g.
443;Mix Box - Croissant Śniadaniowy;70;;1733;48.8;120.5;111.4;;;tak;2026-09-29;https://ml-assets.com/images/side-orders/kuchniavikinga/kuchniavikinga-443-99426e0bde374c19afb3903fd00a5589.jpg;Co w boxie? | 4x Croissant z mortadelą i pesto | 4x Croissant z jajkiem i boczkiem | 4x Croissant z camembert i żurawiną | Porcja: 1733 kcal | Białko: 48,8 g | Tłuszcz: 120,5 g | Węglowodany: 111,4 g. | Pełny skład na www.kuchniavikinga.pl/dodatki-do-menu
444;Croissant Box - Hiszpański (Chorizo);60;;1769;44.3;128.4;107.6;;;tak;2026-09-29;https://ml-assets.com/images/side-orders/kuchniavikinga/kuchniavikinga-444-bd933ebe3491453bb905a9757687c1d7.jpg;Co w boxie? | 12 x Croissant z chorizo, świeżą papryką, sałatką karbowaną i łagodnym ajvarem | Porcja: 1769 kcal | Białko: 44,3 g | Tłuszcz: 128,4 g | Węglowodany: 107,6g. | Pełny skład na www.kuchniavikinga.pl/dodatki-do-menu
448;SNACK BAR - baton karmel, masło orzechowe;3.99;;172;3.8;11;15;;;tak;2026-09-29;https://ml-assets.com/images/side-orders/kuchniavikinga/kuchniavikinga-448-5687049266854e489febdfc5befe044a.jpg;Wartości odżywcze (na baton 40 g): | Energia: 718 kJ / 172 kcal | Tłuszcz: 11 g, w tym nasycone: 3,7 g | Węglowodany:  15 g, w tym cukry: 7,2 g, w tym poliole:  8 g | Błonnik: 5,6 g | Białko: 3,8 g | Sól: 0,13 g | Wapń: 128 mg (16% RWS) | Pełny skład znajdziesz na: https://kuchniavikinga.pl/dodatki-do-menu/
449;PROTEIN BAR - czekolada, masło orzechowe;4.99;;171;9.8;11;10;;;tak;2026-09-29;https://ml-assets.com/images/side-orders/kuchniavikinga/kuchniavikinga-449-5d2576f0b5004ce5a69247a37c15e8b7.jpg;Wartości odżywcze (na baton 40 g): | Energia: 715 kJ / 171 kcal | Tłuszcz: 11 g, w tym nasycone: 4,1 g | Węglowodany: 10 g, w tym cukry: 2,3 g, w tym poliole: 7,6 g | Błonnik: 4 g | Białko: 9,8 g | Sól: 0,10 g | Pełny skład znajdziesz na: https://kuchniavikinga.pl/dodatki-do-menu/
